Product Name,Stock Status
PTS ZEV - OZ9 Elite (Standard Version) - Black,Out of Stock
PTS SAM Series - G Style GBB Pistol Magazine,Add to Cart
PTS Unity Tactical - FAST™ Riser (Dupont Polymer) - Olive Drab,Add to Cart
PTS Unity Tactical - FAST™ Riser (Dupont Polymer) - Dark Earth,Add to Cart
PTS Unity Tactical - FAST™ Riser (Dupont Polymer) - Black,Add to Cart
PTS Unity Tactical - FAST FTC OMNI Mag Mount - Bronze,Add to Cart
PTS Unity Tactical - FAST COMP Series Mount - Bronze,Out of Stock
PTS Unity Tactical - FAST COMP Series Mount - Black,Add to Cart
PTS Unity Tactical - Fast Micro Mount - Bronze,Add to Cart
PTS Unity Tactical - Fast Micro Mount - Black,Add to Cart
PTS Unity Tactical - FAST MRO Mount - Bronze,Add to Cart
PTS Unity Tactical - FAST MRO Mount - Black,Add to Cart
PTS ZEV - OZ9 Elite (Ultra Version) - Black,Add to Cart
PTS EP Series - Enhanced Polymer Magazine-EPM for AEG 150rd - Dark Earth,Add to Cart
PTS EP Series - M-LOK Rail Cover 2 short & 2 Long Set - Olive Drab,Add to Cart
PTS EP Series - Enhanced Polymer M-Lok Hand Stop - Olive Drab,Add to Cart
PTS EP Series - Extended Battery Storage Butt Pad for EPS-C,Add to Cart
Odin-Innovations - M12 Sidewinder Speed Loader - Dark Earth,Add to Cart
Odin-Innovations - M12 Sidewinder Speed Loader - Black,Add to Cart
PTS EP Series - Enhanced Polymer Grip M4-Compact(EPG-C) for AEG/ERG - Olive Drab,Add to Cart